City_ID,City,Lat,Lng,Max Temp,Humidity,Cloudiness,Wind Speed,Country,Date
0,alofi,-19.0595,-169.9187,26.88,82,100,7.21,NU,1678837414
1,anadyr,64.75,177.4833,-19.72,77,0,4.0,RU,1678837415
2,new norfolk,-42.7826,147.0587,21.07,49,93,2.24,AU,1678837416
3,bredasdorp,-34.5322,20.0403,20.63,95,68,3.38,ZA,1678837416
4,san quintin,30.4833,-115.95,17.86,68,85,4.6,MX,1678837219
5,vigrestad,58.5667,5.7,0.82,66,93,8.81,NO,1678837418
6,adrar,20.5022,-10.0711,26.67,12,49,5.17,MR,1678837418
7,iqaluit,63.7506,-68.5145,-20.15,76,20,1.54,CA,1678837419
8,lavrentiya,65.5833,-171.0,-19.99,82,8,5.01,RU,1678837419
9,zhangye,38.9342,100.4517,2.98,53,77,1.45,CN,1678837420
10,bluff,-46.6,168.3333,15.12,71,67,3.78,NZ,1678837421
11,solone,48.2081,34.8721,5.5,70,79,4.45,UA,1678837422
12,marzuq,14.4,46.4667,21.51,47,91,2.18,YE,1678837422
13,hermanus,-34.4187,19.2345,21.0,90,58,5.66,ZA,1678837423
14,talaya,61.3833,152.75,-7.44,88,94,2.69,RU,1678837424
15,vardo,70.3705,31.1107,-1.01,80,75,8.23,NO,1678837424
16,san cristobal,7.7669,-72.225,18.1,67,76,0.82,VE,1678837425
17,punta arenas,-53.15,-70.9167,6.06,70,20,8.23,CL,1678837426
18,barrow,71.2906,-156.7887,-26.99,69,0,3.09,US,1678837422
19,ushuaia,-54.8,-68.3,3.81,81,75,9.77,AR,1678837299
20,carlisle,40.2015,-77.1889,1.38,57,90,4.02,US,1678837325
21,houma,29.5958,-90.7195,16.0,48,0,4.12,US,1678837290
22,pattensen,52.2645,9.7644,3.25,78,60,5.89,DE,1678837429
23,rikitea,-23.1203,-134.9692,26.47,69,0,4.51,PF,1678837431
24,airai,-8.9266,125.4092,20.01,68,12,0.55,TL,1678837431
25,crixas,-14.5489,-49.9692,21.82,91,99,1.84,BR,1678837432
26,hithadhoo,-0.6,73.0833,27.42,78,100,5.21,MV,1678837433
27,nizhniy kuranakh,58.8353,125.4869,-12.53,93,100,4.02,RU,1678837434
28,wuwei,37.9281,102.6414,2.19,47,90,1.03,CN,1678837435
29,burnie,-41.0667,145.9167,18.86,70,40,3.04,AU,1678837437
30,saint-philippe,-21.3585,55.7679,24.77,76,67,5.39,RE,1678837297
31,tuktoyaktuk,69.4541,-133.0374,-28.0,76,20,5.14,CA,1678837438
32,talgar,43.3027,77.2395,-2.91,100,40,1.0,KZ,1678837439
33,eirunepe,-6.6603,-69.8736,22.18,98,80,0.27,BR,1678837440
34,bogalusa,30.791,-89.8487,14.3,38,0,2.06,US,1678837441
35,albany,42.6001,-73.9662,0.7,93,100,6.36,US,1678837415
36,kingori,-3.2833,36.9833,21.21,73,20,9.26,TZ,1678837443
37,hobart,-42.8794,147.3294,21.26,57,20,3.6,AU,1678837385
38,atuona,-9.8,-139.0333,27.04,75,87,2.99,PF,1678837444
39,tuatapere,-46.1333,167.6833,17.85,52,65,0.26,NZ,1678837445
40,kapaa,22.0752,-159.319,26.77,87,75,2.57,US,1678837446
41,mataura,-46.1927,168.8643,16.71,65,97,1.1,NZ,1678837447
42,avarua,-21.2078,-159.775,29.03,65,75,4.63,CK,1678837448
43,finnsnes,69.2296,17.9811,-9.58,95,100,1.62,NO,1678837449
44,hasaki,35.7333,140.8333,11.27,56,36,2.88,JP,1678837451
45,tasiilaq,65.6145,-37.6368,-12.91,68,92,2.13,GL,1678837319
46,longyearbyen,78.2186,15.6401,-19.09,65,0,6.17,SJ,1678837362
47,batemans bay,-35.7167,150.1833,21.17,52,62,1.27,AU,1678837453
48,abha,18.2164,42.5053,13.14,94,0,2.57,SA,1678837454
49,kodiak,57.79,-152.4072,-2.27,46,0,4.63,US,1678837455
50,bambous virieux,-20.3428,57.7575,26.14,73,20,1.54,MU,1678837355
51,yulara,-25.2406,130.9889,31.26,19,9,4.19,AU,1678837457
52,tema,5.667,-0.0166,28.15,73,26,4.92,GH,1678837459
53,manosque,43.8288,5.7869,8.09,50,0,9.99,FR,1678837459
54,rebrikha,53.0733,82.3408,-10.59,98,33,2.29,RU,1678837460
55,tiznit,29.5833,-9.5,19.73,38,6,0.45,MA,1678837462
56,mercedes,-34.6515,-59.4307,30.91,57,95,4.36,AR,1678837463
57,jamestown,42.097,-79.2353,-2.23,97,100,8.23,US,1678837345
58,castro,-24.7911,-50.0119,17.58,98,100,2.82,BR,1678837464
59,nyurba,63.2842,118.3319,-19.49,99,97,1.57,RU,1678837465
60,port blair,11.6667,92.75,27.02,78,40,1.03,IN,1678837396
61,mar del plata,-38.0023,-57.5575,22.83,97,75,2.57,AR,1678837212
62,palimbang,6.2106,124.1894,27.71,77,91,0.92,PH,1678837468
63,barcarena,-1.5058,-48.6258,26.03,91,100,1.47,BR,1678837469
64,katsuura,35.1333,140.3,12.41,60,83,2.3,JP,1678837470
65,vaini,-21.2,-175.2,29.09,74,20,5.14,TO,1678837458
66,safaga,26.7292,33.9365,18.2,51,3,6.37,EG,1678837471
67,puerto ayora,-0.7393,-90.3518,26.42,90,83,1.34,EC,1678837327
68,laguna,38.421,-121.4238,18.1,72,100,15.43,US,1678837263
69,deyskoye,43.4755,44.1618,2.08,74,93,1.11,RU,1678837473
70,bauchi,10.5,10.0,21.32,13,0,1.95,NG,1678837474
71,saskylakh,71.9167,114.0833,-22.23,95,96,4.72,RU,1678837475
72,saint-louis,16.3333,-15.0,30.8,28,0,5.11,SN,1678837476
73,kamenka,51.3223,42.7678,0.12,58,15,5.28,RU,1678837476
74,asau,46.4333,26.4,1.51,45,97,1.7,RO,1678837477
75,ormara,25.2088,64.6357,23.9,81,79,2.21,PK,1678837478
76,pevek,69.7008,170.3133,-18.37,88,90,4.99,RU,1678837479
77,fortuna,40.5982,-124.1573,8.29,97,75,6.17,US,1678837480
78,qaanaaq,77.484,-69.3632,-15.77,70,100,1.73,GL,1678837296
79,saint anthony,45.0205,-93.218,-0.03,65,0,9.26,US,1678837482
80,teahupoo,-17.8333,-149.2667,27.98,66,61,3.03,PF,1678837483
81,kohat,33.582,71.4493,17.04,42,41,1.4,PK,1678837449
82,la ronge,55.1001,-105.2842,-10.86,85,100,6.69,CA,1678837485
83,axim,4.8699,-2.2405,26.77,85,9,4.05,GH,1678837486
84,vilhena,-12.7406,-60.1458,22.12,94,75,2.06,BR,1678837486
85,udachnyy,66.4167,112.4,-24.43,98,89,2.86,RU,1678837487
86,tessalit,20.1986,1.0114,26.87,10,75,3.69,ML,1678837488
87,lorengau,-2.0226,147.2712,27.77,78,81,3.07,PG,1678837453
88,bethel,41.3712,-73.414,2.05,87,100,4.12,US,1678837107
89,mpulungu,-8.7623,31.1141,20.84,92,100,0.38,ZM,1678837445
90,butaritari,3.0707,172.7902,27.86,75,16,6.91,KI,1678837461
91,saldanha,-33.0117,17.9442,18.03,91,3,5.31,ZA,1678837491
92,zhoucheng,35.9122,116.3117,8.19,13,57,9.3,CN,1678837492
93,kpandae,8.4689,-0.0113,30.14,40,2,2.44,GH,1678837492
94,arraial do cabo,-22.9661,-42.0278,23.98,88,20,1.54,BR,1678837400
95,busselton,-33.65,115.3333,19.65,80,0,1.95,AU,1678837467
96,kaputa,-8.4689,29.6619,19.7,85,100,1.39,ZM,1678837494
97,vavuniya,8.7514,80.4971,21.17,98,16,1.27,LK,1678837495
98,baghdad,33.3406,44.4009,18.95,82,0,4.63,IQ,1678836905
99,jalu,29.0331,21.5482,14.42,46,2,2.63,LY,1678837496
100,samarai,-10.6167,150.6667,28.91,71,82,1.27,PG,1678837497
101,yellowknife,62.456,-114.3525,-12.71,47,75,7.2,CA,1678837424
102,kudligi,14.9,76.3833,25.05,47,73,4.96,IN,1678837498
103,stromness,58.965,-3.296,2.71,72,99,11.62,GB,1678837499
104,sosnogorsk,63.6023,53.8817,-2.98,94,100,6.29,RU,1678837500
105,sorland,67.667,12.6934,0.51,56,100,9.4,NO,1678837500
106,port huron,42.9709,-82.4249,-0.87,63,0,6.17,US,1678837214
107,sao filipe,14.8961,-24.4956,23.75,66,0,4.57,CV,1678837311
108,port alfred,-33.5906,26.891,21.21,96,19,0.89,ZA,1678837456
109,dunedin,-45.8742,170.5036,16.43,65,99,2.13,NZ,1678837486
110,chara,56.9064,118.2631,-16.37,84,92,0.17,RU,1678837503
111,oriximina,-1.7656,-55.8661,25.11,81,65,1.41,BR,1678837504
112,victoria,22.2855,114.1577,20.21,84,67,5.81,HK,1678837378
113,lisala,2.15,21.5167,21.04,92,100,0.77,CD,1678837506
114,paamiut,61.994,-49.6678,-2.84,96,100,4.16,GL,1678837507
115,hamilton,39.1834,-84.5333,2.47,58,20,5.14,US,1678837224
116,bilma,18.6853,12.9164,23.23,15,0,3.92,NE,1678837512
117,chuy,-33.6971,-53.4616,24.27,88,1,6.13,UY,1678837324
118,tiksi,71.6872,128.8694,-21.45,100,83,1.74,RU,1678837279
119,jacareacanga,-6.2222,-57.7528,22.48,99,100,0.39,BR,1678837517
120,puerto baquerizo moreno,-0.9,-89.6,26.46,75,44,2.53,EC,1678837519
121,prachuap khiri khan,12.2167,99.75,24.27,81,33,1.02,TH,1678837472
122,ancud,-41.8697,-73.8203,13.94,95,100,5.11,CL,1678837520
123,cabo san lucas,22.8909,-109.9124,27.51,52,0,2.57,MX,1678837269
124,yar-sale,66.8333,70.8333,-8.33,85,20,7.18,RU,1678837359
125,maragogi,-9.0122,-35.2225,26.32,78,98,3.76,BR,1678837522
126,porto belo,-27.1578,-48.5531,24.97,89,72,3.27,BR,1678837523
127,porlamar,10.958,-63.8491,24.62,82,88,7.89,VE,1678837524
128,hilo,19.7297,-155.09,30.85,58,0,5.66,US,1678837290
129,dikson,73.5069,80.5464,-7.28,92,86,14.44,RU,1678837314
130,pustoshka,56.3355,29.369,2.68,100,100,5.01,RU,1678837526
131,kabalo,-6.05,26.9167,19.01,95,100,0.79,CD,1678837527
132,belaya gora,68.5333,146.4167,-18.19,94,95,0.7,RU,1678837528
133,mahebourg,-20.4081,57.7,26.16,73,20,1.54,MU,1678837284
134,muli,2.9167,73.5667,27.66,77,61,4.45,MV,1678837529
135,port shepstone,-30.7414,30.455,22.25,88,99,5.46,ZA,1678837276
136,siraha,26.6541,86.2087,19.56,33,29,1.26,NP,1678837530
137,port moresby,-9.4431,147.1797,27.68,74,40,3.6,PG,1678837532
138,clyde river,70.4692,-68.5914,-26.87,76,20,1.54,CA,1678837533
139,raudeberg,61.9875,5.1352,-1.14,39,99,5.65,NO,1678837534
140,gat,31.61,34.7642,14.11,100,75,3.43,IL,1678837535
141,noumea,-22.2763,166.4572,30.99,99,24,4.84,NC,1678836995
142,valparaiso,-33.0393,-71.6273,20.13,63,0,2.57,CL,1678837497
143,coihaique,-45.5752,-72.0662,11.97,66,75,3.6,CL,1678837537
144,san francisco de becerra,14.6333,-86.1,23.04,85,61,1.89,HN,1678837538
145,luderitz,-26.6481,15.1594,15.78,85,0,5.25,NA,1678837363
146,oudtshoorn,-33.5907,22.2014,18.2,64,3,0.68,ZA,1678837540
147,norman wells,65.282,-126.8329,-19.98,59,20,5.14,CA,1678837386
148,port elizabeth,-33.918,25.5701,23.39,99,56,3.13,ZA,1678837482
149,taoudenni,22.6783,-3.9836,27.46,10,74,4.43,ML,1678837542
150,meulaboh,4.1363,96.1285,24.73,84,98,1.19,ID,1678837512
151,hay river,60.8156,-115.7999,-16.01,72,75,7.2,CA,1678837544
152,carnarvon,-24.8667,113.6333,26.55,61,0,8.78,AU,1678837477
153,hervey bay,-25.2986,152.8535,25.98,76,30,0.61,AU,1678837545
154,kiruna,67.8557,20.2251,-8.49,86,100,5.66,SE,1678837547
155,portland,45.5234,-122.6762,12.77,56,20,4.12,US,1678837004
156,ilulissat,69.2167,-51.1,-10.99,62,75,1.03,GL,1678837485
157,marawi,7.9986,124.2928,22.25,83,99,0.42,PH,1678837484
158,rio cuarto,-33.1307,-64.3499,22.87,73,0,3.09,AR,1678837549
159,nanortalik,60.1432,-45.2371,-4.49,82,63,2.16,GL,1678837550
160,saint-francois,46.4154,3.9054,4.69,75,0,3.09,FR,1678837375
161,upernavik,72.7868,-56.1549,-18.27,69,100,1.86,GL,1678837353
162,mbanza-ngungu,-5.25,14.8667,19.81,96,100,0.92,CD,1678837553
163,pochutla,15.7432,-96.4661,29.34,60,2,3.46,MX,1678837554
164,kalemie,-5.9475,29.1947,19.83,86,100,1.82,CD,1678837555
165,bayanday,53.0661,105.5139,-14.21,98,99,1.44,RU,1678837555
166,comodoro rivadavia,-45.8667,-67.5,24.92,29,0,6.69,AR,1678837209
167,laela,-8.5667,32.05,16.12,98,100,0.61,TZ,1678837557
168,wanning,18.8003,110.3967,22.08,79,63,2.08,CN,1678837560
169,lebu,-37.6167,-73.65,14.55,87,40,4.22,CL,1678837561
170,watsa,3.0372,29.5355,17.22,92,94,1.19,CD,1678837562
171,batagay-alyta,67.8006,130.4114,-20.98,63,84,1.16,RU,1678837564
172,esperance,-33.8667,121.9,21.02,67,10,3.26,AU,1678837565
173,sladkovo,55.5284,70.3385,-3.69,95,100,9.73,RU,1678837566
174,lixourion,38.2019,20.4314,12.7,86,99,5.95,GR,1678837567
175,najran,17.4924,44.1277,19.36,56,71,0.53,SA,1678837568
176,kavieng,-2.5744,150.7967,28.21,72,100,1.91,PG,1678837534
177,rameswaram,9.2833,79.3,26.49,81,5,4.98,IN,1678837570
178,torbay,47.6666,-52.7314,-1.9,89,75,4.63,CA,1678837479
179,nieuw amsterdam,5.8833,-55.0833,26.01,78,20,2.57,SR,1678837572
180,provideniya,64.3833,-173.3,-11.94,48,0,7.15,RU,1678837356
181,shache,38.4167,77.2406,9.12,30,70,3.27,CN,1678837574
182,ust-kut,56.7938,105.7672,-25.96,100,100,0.02,RU,1678837574
183,yeppoon,-23.1333,150.7333,29.88,74,13,2.72,AU,1678837575
184,phalaborwa,-23.943,31.1411,21.6,95,3,2.65,ZA,1678837576
185,itarema,-2.9248,-39.9167,25.44,81,100,1.62,BR,1678837373
186,muros,42.7762,-9.0603,12.27,93,46,2.06,ES,1678837501
187,tukrah,32.5341,20.5791,11.86,81,7,4.36,LY,1678837577
188,canakkale,40.0833,26.8333,-0.68,84,1,0.86,TR,1678837578
189,georgetown,5.4112,100.3354,25.96,78,20,2.06,MY,1678837427
190,cape town,-33.9258,18.4232,21.32,87,0,10.29,ZA,1678836901
191,zhigansk,66.7697,123.3711,-20.64,100,100,4.54,RU,1678837580
192,victor harbor,-35.5667,138.6167,23.09,41,39,1.09,AU,1678837399
193,sioux lookout,50.1001,-91.917,1.04,32,40,5.66,CA,1678837581
194,narsaq,60.9167,-46.05,-1.88,73,90,3.17,GL,1678837582
195,barre,44.197,-72.5021,0.7,71,100,5.66,US,1678837333
196,san patricio,28.017,-97.5169,19.05,70,100,5.68,US,1678837583
197,ahuimanu,21.4447,-157.8378,26.84,86,75,4.12,US,1678837584
198,baykit,61.67,96.37,-13.69,99,100,1.38,RU,1678837586
199,mayo,38.8876,-76.5119,3.39,49,40,9.26,US,1678837496
200,labrea,-7.2586,-64.7981,23.07,97,79,1.09,BR,1678837589
201,constitucion,-35.3333,-72.4167,14.34,71,0,2.7,CL,1678837590
202,tigil,57.8,158.6667,-2.23,93,100,1.58,RU,1678837591
203,okhotsk,59.3833,143.3,-2.61,91,99,6.92,RU,1678837591
204,ribeira grande,38.5167,-28.7,14.87,93,100,5.81,PT,1678837283
205,soe,-9.8607,124.284,23.04,69,5,0.5,ID,1678837593
206,sola,-13.8833,167.55,28.06,74,87,5.87,VU,1678837594
207,lasa,46.6166,10.7002,4.49,94,81,3.88,IT,1678837595
208,teberda,43.4456,41.7448,6.44,70,64,3.01,RU,1678837596
209,boyolangu,-8.1181,111.8935,24.69,83,76,0.51,ID,1678837596
210,cidreira,-30.1811,-50.2056,25.24,86,88,8.65,BR,1678837558
211,riberalta,-10.9833,-66.1,29.11,70,75,4.12,BO,1678837598
212,waycross,31.2136,-82.354,14.14,42,0,3.09,US,1678837598
213,vila velha,-20.3297,-40.2925,26.08,85,20,2.57,BR,1678837269
214,simijaca,5.5029,-73.8523,11.77,96,89,0.55,CO,1678837600
215,belyy yar,53.6039,91.3903,-7.06,93,0,1.0,RU,1678837589
216,sitka,57.0531,-135.33,2.94,48,75,5.66,US,1678837551
217,kavaratti,10.5669,72.642,27.76,69,0,1.61,IN,1678837602
218,stornoway,58.2093,-6.3865,0.52,91,100,4.12,GB,1678837603
219,ashland,40.8167,-82.2665,-0.7,77,97,5.58,US,1678837506
220,progreso,21.2833,-89.6667,23.95,82,57,5.65,MX,1678837604
221,morros,-9.4467,-46.3003,22.8,90,100,1.76,BR,1678837605
222,vao,-22.6667,167.4833,25.52,83,44,7.11,NC,1678837606
223,palaikastron,35.2,26.25,11.35,66,0,3.89,GR,1678837607
224,port macquarie,-31.4333,152.9167,26.61,66,68,1.13,AU,1678837443
225,nome,64.5011,-165.4064,-12.96,61,0,4.63,US,1678837550
226,palmer,42.1584,-72.3287,1.46,85,100,6.17,US,1678837581
227,monastyrshchina,54.3496,31.838,2.47,75,100,8.63,RU,1678837608
228,gualaquiza,-3.4,-78.55,17.28,98,97,0.22,EC,1678837609
229,kahului,20.8947,-156.47,28.32,70,40,10.29,US,1678837303
230,korla,41.7597,86.1469,6.37,52,2,5.02,CN,1678837451
231,kaitangata,-46.2817,169.8464,15.82,67,100,0.47,NZ,1678837611
232,sobolevo,54.4299,31.8996,2.46,74,99,8.74,RU,1678837611
233,xuddur,4.1213,43.8894,23.64,81,51,6.25,SO,1678837612
234,saint-pierre,-21.3393,55.4781,24.95,65,0,7.72,RE,1678837613
235,honiara,-9.4333,159.95,29.18,74,88,1.95,SB,1678837614
236,nikolskoye,59.7035,30.7861,4.33,98,100,4.97,RU,1678837614
237,rawson,-43.3002,-65.1023,25.66,18,25,5.95,AR,1678837606
238,marsh harbour,26.5412,-77.0636,22.56,71,84,5.85,BS,1678837616
239,ulaanbaatar,47.9077,106.8832,-19.93,77,0,2.0,MN,1678837406
240,laramie,41.3114,-105.5911,8.07,36,62,1.34,US,1678837618
241,kapuskasing,49.4169,-82.4331,-3.95,42,20,2.57,CA,1678837618
242,codrington,-38.2667,141.9667,18.76,65,81,0.99,AU,1678837476
243,hovd,48.0056,91.6419,-2.85,46,0,0.26,MN,1678837620
244,punta de bombon,-17.1717,-71.7931,22.43,83,20,1.74,PE,1678837621
245,christchurch,-43.5333,172.6333,20.23,66,3,6.17,NZ,1678837590
246,bathsheba,13.2167,-59.5167,26.34,69,40,6.17,BB,1678837560
247,moerai,-22.4333,-151.3333,26.81,78,28,4.53,PF,1678837623
248,adre,13.4667,22.2,22.64,13,13,6.59,TD,1678837624
249,princeton,25.5384,-80.4089,25.01,79,75,6.69,US,1678837524
250,saint george,37.1041,-113.5841,12.33,82,100,3.09,US,1678837474
251,compiegne,49.4179,2.8261,4.42,86,66,2.93,FR,1678837441
252,hualmay,-11.0964,-77.6139,24.38,82,99,1.6,PE,1678837626
253,suntar,62.1444,117.6319,-17.46,96,97,2.67,RU,1678837627
254,ruidoso,33.3317,-105.673,16.7,24,12,6.17,US,1678837630
255,pangody,65.85,74.4859,-10.08,94,86,6.2,RU,1678837630
256,nago,26.5881,127.9761,21.47,77,41,4.57,JP,1678837631
257,ponta do sol,32.6667,-17.1,17.78,73,9,1.95,PT,1678837548
258,trat,12.5,102.5,24.93,77,31,1.04,TH,1678837633
259,ahar,38.4774,47.0699,6.66,91,46,2.06,IR,1678837617
260,punuare,14.7333,-85.9667,22.38,93,66,1.37,HN,1678837635
261,madingou,-4.1536,13.55,23.45,94,100,0.97,CG,1678837636
262,neuquen,-38.9516,-68.0591,27.94,42,0,0.0,AR,1678837636
263,khed,17.7167,73.3833,23.79,49,70,1.04,IN,1678837637
264,healdsburg,38.6105,-122.8692,13.96,83,40,6.69,US,1678837638
265,roma,43.2128,-75.4557,0.28,91,100,7.2,US,1678837639
266,mount gambier,-37.8333,140.7667,20.05,50,95,0.46,AU,1678837640
267,khatanga,71.9667,102.5,-15.76,86,100,3.1,RU,1678837532
268,valle de allende,26.9333,-105.4,24.85,8,0,5.25,MX,1678837641
269,lagoa,39.05,-27.9833,15.87,81,100,9.48,PT,1678837643
270,hofn,64.2539,-15.2082,-6.81,61,0,9.36,IS,1678837643
271,asosa,10.0667,34.5333,20.3,20,82,0.83,ET,1678837644
272,dawlatabad,36.4141,64.9053,16.76,45,100,1.8,AF,1678837645
273,puerto escondido,15.85,-97.0667,29.46,65,0,3.6,MX,1678837647
274,rocha,-34.4833,-54.3333,23.69,89,0,6.16,UY,1678837647
275,igboho,8.8333,3.75,25.73,16,2,1.3,NG,1678837648
276,budingen,50.3,9.1167,3.57,84,100,2.26,DE,1678837650
277,port augusta,-32.5,137.7667,28.67,27,5,0.39,AU,1678837650
278,geraldton,-28.7667,114.6,17.23,88,0,2.57,AU,1678837608
279,hong gai,20.956,107.0946,20.95,86,81,1.82,VN,1678837652
280,usinsk,65.9939,57.5281,-4.78,92,100,12.22,RU,1678837652
281,rosita,13.9268,-84.4032,26.92,66,74,1.95,NI,1678837653
282,high prairie,55.4334,-116.4858,-6.11,84,64,1.45,CA,1678837654
283,black river,18.0264,-77.8487,24.99,82,14,3.1,JM,1678837655
284,pangnirtung,66.1451,-65.7125,-19.14,99,100,1.81,CA,1678837656
285,berlevag,70.8578,29.0864,-1.03,64,75,7.2,NO,1678837521
286,isangel,-19.55,169.2667,29.0,74,84,3.29,VU,1678837657
287,barcelos,41.5388,-8.6151,12.14,92,15,1.33,PT,1678837658
288,ust-kulom,61.6864,53.6902,-2.25,93,100,5.69,RU,1678837658
289,bintulu,3.1667,113.0333,23.23,100,20,1.54,MY,1678837659
290,la maddalena,41.2142,9.4083,14.09,68,6,17.46,IT,1678837659
291,lata,40.1629,-8.3327,9.49,94,16,1.22,PT,1678837660
292,sisimiut,66.9395,-53.6735,-7.44,66,96,6.89,GL,1678837661
293,izhma,65.0083,53.9113,-2.96,94,100,6.45,RU,1678837661
294,ghanzi,-21.5667,21.7833,19.59,47,0,3.86,BW,1678837662
295,la rioja,42.25,-2.5,1.88,88,62,1.35,ES,1678837662
296,touros,-5.1989,-35.4608,25.87,86,100,3.48,BR,1678837401
297,olafsvik,64.8945,-23.7142,-5.65,59,100,9.1,IS,1678837663
298,kudahuvadhoo,2.6708,72.8944,27.36,77,79,3.47,MV,1678837664
299,north myrtle beach,33.816,-78.68,11.05,47,0,3.09,US,1678837665
300,dandong,40.1292,124.3947,2.44,26,100,7.29,CN,1678837666
301,thompson,55.7435,-97.8558,-13.91,85,100,7.2,CA,1678837562
302,pimentel,-6.8367,-79.9342,30.16,66,40,3.6,PE,1678837667
303,camacupa,-12.0167,17.4833,17.01,94,92,1.36,AO,1678837543
304,inverness,57.4791,-4.224,0.95,78,9,6.17,GB,1678837669
305,dingle,10.9995,122.6711,24.9,79,99,3.57,PH,1678837670
306,kiama,-34.6833,150.8667,26.81,76,90,0.45,AU,1678837671
307,katangli,51.7102,143.2326,-5.81,85,93,3.02,RU,1678837671
308,luena,-11.7833,19.9167,16.57,94,100,1.12,AO,1678837672
309,huarmey,-10.0681,-78.1522,24.79,82,100,2.04,PE,1678837462
310,kodinsk,58.6881,99.1844,-25.92,100,88,1.1,RU,1678837674
311,tiarei,-17.5333,-149.3333,31.01,67,50,2.28,PF,1678837674
312,zhezkazgan,47.8043,67.7144,1.26,93,97,7.12,KZ,1678837675
313,salalah,17.0151,54.0924,24.05,50,0,2.57,OM,1678837676
314,hami,42.8,93.45,6.77,49,82,1.36,CN,1678837574
315,hambantota,6.1241,81.1185,24.84,88,82,3.76,LK,1678837572
316,ust-maya,60.4167,134.5333,-6.81,87,99,3.56,RU,1678837678
317,minab,27.1467,57.0801,20.18,77,0,0.0,IR,1678837679
318,langres,47.8333,5.3333,-0.45,94,76,1.33,FR,1678837679
319,praia,14.9215,-23.5087,23.3,73,0,5.66,CV,1678837353
320,huanren,41.2647,125.3667,-0.85,77,100,1.12,CN,1678837681
321,guangyuan,32.442,105.823,13.43,47,35,2.05,CN,1678837681
322,ugoofaaru,5.6667,73.0,27.51,78,13,5.02,MV,1678837683
323,mumford,5.2618,-0.759,26.82,85,26,4.59,GH,1678837683
324,lompoc,34.6391,-120.4579,15.43,87,100,9.83,US,1678837684
325,aykhal,66.0,111.5,-22.03,94,69,3.79,RU,1678837685
326,verkhnevilyuysk,63.4453,120.3167,-18.11,98,100,2.48,RU,1678837635
327,manta,-0.95,-80.7333,25.88,83,100,1.54,EC,1678837116
328,fort nelson,58.8053,-122.7002,-7.25,61,100,3.09,CA,1678837487
329,marquette,46.5333,-87.6335,-4.54,72,80,1.5,US,1678837687
330,sharjah,25.3573,55.4033,23.99,83,0,2.06,AE,1678837688
331,changde,29.0464,111.6783,17.55,62,1,2.0,CN,1678837691
332,praia da vitoria,38.7333,-27.0667,15.98,94,40,7.68,PT,1678837691
333,port lincoln,-34.7333,135.8667,22.48,53,14,1.78,AU,1678837492
334,hashtrud,37.4779,47.0508,7.92,85,8,2.01,IR,1678837693
335,gimli,50.6336,-96.9907,-1.99,74,94,12.86,CA,1678837694
336,pangai,-19.8,-174.35,30.06,62,20,3.09,TO,1678837695
337,taltal,-25.4,-70.4833,21.07,82,16,2.42,CL,1678837220
338,kirkland lake,48.1446,-80.0377,-2.84,39,89,3.6,CA,1678837696
339,chiang khong,20.2613,100.4046,19.15,73,7,0.67,TH,1678837697
340,petropavlovsk-kamchatskiy,53.0452,158.6483,-1.67,69,75,3.0,RU,1678837586
341,pechory,57.8164,27.6119,4.7,99,100,4.93,RU,1678837698
342,yerbogachen,61.2767,108.0108,-27.25,100,100,0.98,RU,1678837699
343,samoded,63.6083,40.5111,2.24,100,100,5.15,RU,1678837700
344,pasni,25.2631,63.471,23.47,80,57,2.27,PK,1678837701
345,conde,-7.2597,-34.9075,26.7,78,20,2.06,BR,1678837702
346,krasnoselkup,65.7,82.4667,-3.19,94,100,4.82,RU,1678837662
347,pekan,3.4836,103.3996,22.06,85,82,2.76,MY,1678837704
348,rensvik,63.1,7.8167,2.15,64,75,5.14,NO,1678837705
349,gazanjyk,39.2446,55.5154,12.21,77,17,2.98,TM,1678837705
350,pringsewu,-5.3582,104.9744,22.68,96,96,1.01,ID,1678837706
351,bonavista,48.6499,-53.1147,-3.97,93,16,1.96,CA,1678837707
352,lucea,18.451,-78.1736,26.92,77,13,2.32,JM,1678837708
353,turbat,26.0023,63.044,22.79,58,46,0.32,PK,1678837708
354,faanui,-16.4833,-151.75,28.29,75,18,3.48,PF,1678837668
355,kyra,49.5776,111.9753,-15.67,84,81,2.56,RU,1678837710
356,saint-joseph,-21.3667,55.6167,24.21,74,53,5.97,RE,1678837591
357,kupang,-10.1667,123.5833,27.32,89,40,1.54,ID,1678837527
358,apt,43.8833,5.4,9.16,61,2,11.49,FR,1678837712
359,tilichiki,60.4667,166.1,-9.76,86,86,1.17,RU,1678837566
360,superior,46.7208,-92.1041,0.54,36,0,5.66,US,1678837713
361,dogondoutchi,13.6393,4.0287,24.91,10,6,4.59,NE,1678837714
362,inirida,3.8653,-67.9239,25.59,72,66,0.2,CO,1678837715
363,akalkot,17.5333,76.2167,25.65,25,36,5.57,IN,1678837716
364,mill valley,37.906,-122.545,14.04,93,100,8.49,US,1678837717
365,atar,20.5169,-13.0499,28.25,11,9,0.98,MR,1678837717
366,bairiki,1.3292,172.9752,29.0,74,40,6.17,KI,1678837702
367,alyangula,-13.8483,136.4192,28.47,66,29,2.67,AU,1678837719
368,general pico,-35.6566,-63.7568,23.05,71,100,2.97,AR,1678837719
369,college,64.8569,-147.8028,-12.03,51,75,5.66,US,1678837432
370,porto santo,33.072,-16.3415,16.21,77,20,4.63,PT,1678837721
371,russell,32.3502,-85.1999,13.6,28,0,5.66,US,1678837596
372,savelugu,9.6244,-0.8253,30.73,16,5,0.98,GH,1678837723
373,east london,-33.0153,27.9116,21.61,69,8,2.29,ZA,1678837421
374,chokurdakh,70.6333,147.9167,-23.51,99,80,1.95,RU,1678837501
375,grand baie,-20.0182,57.5802,26.26,70,49,3.13,MU,1678837724
376,brae,60.3964,-1.353,4.14,66,99,11.15,GB,1678837498
377,central point,42.376,-122.9164,4.99,94,100,3.6,US,1678837726
378,nosy varika,-20.5833,48.5333,23.0,88,100,1.1,MG,1678837727
379,vila franca do campo,37.7167,-25.4333,17.23,94,100,11.72,PT,1678837650
380,pak thong chai,14.7226,102.0251,25.05,59,24,1.41,TH,1678837728
381,umm lajj,25.0213,37.2685,19.75,64,1,4.78,SA,1678837453
382,bella union,-30.2752,-57.6007,25.58,71,63,3.38,UY,1678837729
383,imbituba,-28.24,-48.6703,23.93,90,100,4.31,BR,1678837730
384,wentzville,38.8114,-90.8529,5.82,53,6,1.34,US,1678837654
385,yaan,7.3833,8.5667,30.13,49,46,3.43,NG,1678837731
386,svirstroy,60.7999,33.7248,2.15,100,100,4.79,RU,1678837732
387,bambanglipuro,-7.95,110.2833,24.94,77,64,1.4,ID,1678837733
388,ambatofinandrahana,-20.55,46.8,14.85,88,100,1.45,MG,1678837733
389,oranjemund,-28.55,16.4333,17.29,90,48,2.12,NA,1678837734
390,avallon,47.4833,3.9,1.74,95,44,0.76,FR,1678837735
391,kisanga,-7.4362,37.7034,21.98,94,92,0.79,TZ,1678837736
392,sao joao da barra,-21.6403,-41.0511,25.05,88,3,2.54,BR,1678837541
393,ixtapa,20.7,-105.2,26.24,80,2,1.79,MX,1678837737
394,san policarpo,12.1791,125.5072,26.61,85,100,4.67,PH,1678837737
395,makakilo city,21.3469,-158.0858,26.18,84,75,4.63,US,1678837524
396,semey,50.4111,80.2275,-4.61,84,88,4.84,KZ,1678837738
397,grand gaube,-20.0064,57.6608,26.22,70,77,3.13,MU,1678837739
398,vung tau,10.346,107.0843,23.75,78,41,7.11,VN,1678837740
399,xinqing,48.2333,129.5,-2.57,69,67,2.51,CN,1678837741
400,vallenar,-28.5708,-70.7581,21.93,63,0,1.85,CL,1678837741
401,storslett,69.7678,21.0247,-10.0,85,100,1.54,NO,1678837742
402,djougou,9.7085,1.666,25.59,15,2,1.89,BJ,1678837746
403,cam ranh,11.9214,109.1591,20.98,83,20,2.57,VN,1678837747
404,buraydah,26.326,43.975,18.25,49,29,4.2,SA,1678837748
405,kalmar,56.6616,16.3616,2.2,80,100,4.63,SE,1678837748
406,bima,-8.4667,118.7167,25.97,86,78,0.3,ID,1678837749
407,moree,-29.4667,149.85,28.76,55,33,4.46,AU,1678837750
408,hobyo,5.3505,48.5268,26.83,83,63,6.5,SO,1678837575
409,turtas,58.9417,69.1325,-8.46,95,100,2.09,RU,1678837751
410,pisco,-13.7,-76.2167,27.03,74,100,2.57,PE,1678837752
411,karratha,-20.7377,116.8463,30.26,53,0,1.17,AU,1678837714
412,darab,28.7519,54.5444,14.77,63,4,1.23,IR,1678837754
413,luohe,33.5717,114.0353,11.11,20,2,9.54,CN,1678837755
414,coquimbo,-29.9533,-71.3436,18.85,82,75,3.6,CL,1678837504
415,inuvik,68.3499,-133.7218,-24.58,64,75,3.6,CA,1678837507
416,broome,42.2506,-75.833,-1.32,89,100,8.75,US,1678837540
417,buin,-33.7333,-70.75,26.9,42,0,2.17,CL,1678837426
418,nenjiang,49.1833,125.2167,-7.17,93,100,3.9,CN,1678837597
419,presidencia roque saenz pena,-26.7852,-60.4388,26.91,65,73,3.2,AR,1678837640
420,vidim,56.4088,103.1106,-22.53,100,97,1.76,RU,1678837758
421,henties bay,-22.116,14.2845,16.69,86,4,2.34,NA,1678837744
422,el tigre,8.8875,-64.2454,27.62,41,69,5.01,VE,1678837760
423,quang ngai,15.1167,108.8,20.68,88,97,1.75,VN,1678837760
424,seoul,37.5683,126.9778,10.69,69,20,3.09,KR,1678837562
425,bengkulu,-3.8004,102.2655,23.49,88,92,1.81,ID,1678837529
426,rajo khanani,24.9841,68.8536,24.19,44,100,4.25,PK,1678837762
427,gornyy,55.1153,83.9059,-14.84,94,36,2.25,RU,1678837763
428,mount isa,-20.7333,139.5,25.87,47,3,1.03,AU,1678837763
429,kalmunai,7.4167,81.8167,24.52,86,100,0.47,LK,1678837764
430,muscat,23.6139,58.5922,24.01,54,66,2.23,OM,1678837765
431,ust-nera,64.5667,143.2,-9.72,92,100,2.54,RU,1678837475
432,te anau,-45.4167,167.7167,17.01,53,81,1.12,NZ,1678837766
433,arlit,18.7369,7.3853,24.89,13,0,4.13,NE,1678837767
434,havelock,34.8791,-76.9013,8.98,49,15,3.13,US,1678837769
435,los llanos de aridane,28.6585,-17.9182,20.07,41,0,4.12,ES,1678837463
436,qui nhon,13.7667,109.2333,22.34,84,60,1.91,VN,1678837770
437,kogon,39.7228,64.5517,11.02,82,0,4.12,UZ,1678837771
438,tortoli,39.9256,9.6572,13.9,44,0,11.83,IT,1678837772
439,nouadhibou,20.931,-17.0347,18.99,77,0,4.63,MR,1678837773
440,little current,45.9793,-81.9248,-1.99,75,2,3.66,CA,1678837510
441,bagru,26.8088,75.5423,21.19,24,71,2.35,IN,1678837775
442,okha,53.5739,142.9478,-5.94,85,56,4.52,RU,1678837775
443,kihei,20.785,-156.4656,29.36,72,40,10.29,US,1678837776
444,olga,43.7444,135.2892,1.18,99,100,1.19,RU,1678837777
445,williamsport,41.2412,-77.0011,1.01,63,100,9.77,US,1678837595
446,bara,10.3744,10.7288,23.35,13,1,3.73,NG,1678837778
447,morehead,37.2711,-87.1764,3.86,57,40,1.54,US,1678837779
448,flinders,-34.5833,150.8552,26.7,83,95,3.13,AU,1678837780
449,murfreesboro,35.8456,-86.3903,5.81,51,0,3.09,US,1678837495
450,casino,-28.8667,153.05,28.09,66,52,2.08,AU,1678837781
451,samana,19.2056,-69.3369,26.98,83,52,2.82,DO,1678837540
452,burriana,39.889,-0.085,14.83,48,68,2.06,ES,1678837782
453,settimo torinese,45.1403,7.768,13.53,33,0,4.12,IT,1678837782
454,namatanai,-3.6667,152.4333,28.43,72,94,1.58,PG,1678837783
455,yenagoa,4.9247,6.2642,25.71,90,35,1.68,NG,1678837784
456,gallup,35.5281,-108.7426,14.91,29,40,6.17,US,1678837785
457,saint-martin-de-crau,43.6395,4.8127,11.23,61,0,5.14,FR,1678837785
458,svetlogorsk,52.6333,29.7333,4.04,62,92,7.58,BY,1678837543
459,espanola,35.9911,-106.0806,16.04,28,61,1.04,US,1678837788
460,cherskiy,68.75,161.3,-11.08,89,100,4.41,RU,1678837788
461,eyl,7.9803,49.8164,25.01,84,70,4.52,SO,1678837790
462,andenes,69.3143,16.1194,-2.01,74,75,8.23,NO,1678837693
463,kobryn,52.2138,24.3564,7.86,89,100,3.38,BY,1678837791
464,namibe,-15.1961,12.1522,22.66,79,86,2.0,AO,1678837653
465,pedernales,18.0384,-71.744,25.29,80,12,3.5,DO,1678837793
466,ketchikan,55.3422,-131.6461,4.26,60,100,2.57,US,1678837793
467,tierralta,8.1736,-76.0592,26.25,81,99,3.01,CO,1678837795
468,san luis,-33.295,-66.3356,23.3,54,34,3.36,AR,1678837558
469,belmonte,-15.8631,-38.8828,24.9,82,55,2.63,BR,1678837796
470,tukums,56.9669,23.1553,5.64,97,96,3.72,LV,1678837797
471,olutanga,7.3106,122.8464,26.65,70,100,2.3,PH,1678837798
472,mandalgovi,45.7625,106.2708,-10.35,33,53,1.94,MN,1678837799
473,semirom,31.4167,51.5667,5.02,82,7,1.76,IR,1678837799
474,chernyshevskiy,63.0128,112.4714,-26.44,100,95,1.74,RU,1678837801
475,saint-augustin,51.226,-58.6502,-3.72,92,91,2.71,CA,1678837801
476,ahipara,-35.1667,173.1667,20.51,53,100,0.51,NZ,1678837802
477,souillac,-20.5167,57.5167,26.21,73,20,1.54,MU,1678837804
478,san antonio,29.4241,-98.4936,19.86,42,100,5.66,US,1678837617
479,tocopilla,-22.092,-70.1979,21.78,71,5,1.81,CL,1678837314
480,poum,-20.2333,164.0167,27.16,73,100,7.85,NC,1678837806
481,veraval,20.9,70.3667,25.96,53,99,6.17,IN,1678837807
482,muchkapskiy,51.8513,42.4717,-0.15,62,53,4.89,RU,1678837807
483,oskemen,49.9565,82.6119,-9.02,92,100,2.0,KZ,1678837809
484,necochea,-38.5473,-58.7368,22.59,92,99,7.95,AR,1678837552
485,margate,51.3813,1.3862,4.94,82,100,1.34,GB,1678837810
486,garmsar,35.2182,52.3409,16.23,58,90,2.71,IR,1678837811
487,galesong,-5.3166,119.3661,27.01,82,92,3.7,ID,1678837813
488,poronaysk,49.2167,143.1167,-5.66,90,70,2.05,RU,1678837814
489,eisiskes,54.1667,25.0,6.87,93,100,5.27,LT,1678837815
490,kabwe,-14.4469,28.4464,15.13,98,99,2.31,ZM,1678837815
491,maumere,-8.6199,122.2111,27.49,74,45,0.58,ID,1678837816
492,mbigou,-1.9005,11.906,20.06,99,90,0.48,GA,1678837817
493,eureka,40.8021,-124.1637,8.44,95,100,3.13,US,1678837818
494,waddan,29.1614,16.139,15.93,26,0,3.24,LY,1678837818
495,rawah,34.4816,41.9093,17.54,65,0,5.61,IQ,1678837819
496,masterton,-40.9597,175.6575,18.27,51,2,0.43,NZ,1678837821
497,wajir,1.7471,40.0573,25.68,66,99,5.46,KE,1678837821
498,shamary,57.3434,58.2199,-4.85,87,85,4.37,RU,1678837822
499,labytnangi,66.6572,66.4183,-12.03,88,38,3.57,RU,1678837823
500,valle hermoso,25.6667,-97.8333,20.92,82,100,5.63,MX,1678837824
501,rogatica,43.8008,19.0025,5.28,89,99,0.38,BA,1678837825
502,ostrovnoy,68.0531,39.5131,-4.39,94,100,2.45,RU,1678837825
503,zabalj,45.3722,20.0639,10.13,67,80,0.36,RS,1678837826
504,wangqing,43.3218,129.7634,2.49,51,96,4.05,CN,1678837827
505,leningradskiy,69.3833,178.4167,-20.69,87,8,1.38,RU,1678837828
506,havre-saint-pierre,50.2334,-63.5986,-1.0,86,100,5.14,CA,1678837557
507,price,39.5994,-110.8107,7.84,75,100,1.54,US,1678837830
508,yazoo city,32.8551,-90.4056,8.84,63,58,3.36,US,1678837831
509,longview,32.5007,-94.7405,17.14,39,75,5.14,US,1678837758
510,darhan,49.4867,105.9228,-12.81,84,81,1.82,MN,1678837832
511,lima,-12.0432,-77.0282,26.06,85,75,2.06,PE,1678837472
512,avera,33.194,-82.5271,10.03,40,0,5.63,US,1678837834
513,muisne,0.6,-80.0333,25.2,87,99,1.43,EC,1678837835
514,juneau,58.3019,-134.4197,0.79,75,75,4.12,US,1678837670
515,vestmannaeyjar,63.4427,-20.2734,-5.39,52,0,5.15,IS,1678837837
516,alice springs,-23.7,133.8833,32.75,17,24,8.23,AU,1678837837
517,ati,13.2154,18.3353,24.12,11,16,4.07,TD,1678837838
518,harper,4.375,-7.7169,26.35,85,10,3.05,LR,1678837840
519,soderhamn,61.3037,17.0592,-7.25,82,51,2.75,SE,1678837840
520,thunder bay,48.4001,-89.3168,-1.01,59,75,3.09,CA,1678837825
521,bom jesus,-9.0744,-44.3586,22.02,97,100,0.75,BR,1678837841
522,betioky,-23.7167,44.3833,20.13,93,100,1.66,MG,1678837842
523,palora,-1.7,-77.9333,20.06,98,89,0.41,EC,1678837843
524,akdepe,42.0551,59.3788,13.05,65,35,6.88,TM,1678837843
525,ilhabela,-23.7781,-45.3581,24.35,90,90,4.09,BR,1678837844
526,ponta delgada,37.7333,-25.6667,17.4,94,75,8.75,PT,1678837608
527,tyrma,50.0833,132.1667,-6.76,89,100,3.81,RU,1678837845
528,olinda,-8.0089,-34.8553,27.85,69,40,3.6,BR,1678837616
529,birin,26.8865,88.0718,11.98,46,3,2.54,NP,1678837846
530,dong hoi,17.4833,106.6,20.28,90,71,1.33,VN,1678837848
531,west des moines,41.572,-93.7453,4.06,62,20,6.69,US,1678837849
532,windhoek,-22.5594,17.0832,21.17,26,39,0.45,NA,1678837849
533,kotido,2.9806,34.1331,20.61,78,100,1.0,UG,1678837850
534,road town,18.4167,-64.6167,27.05,78,40,2.57,VG,1678837818
535,khandyga,62.6667,135.6,-1.42,83,97,2.57,RU,1678837852
536,morrope,-6.5417,-80.0111,30.06,68,100,4.83,PE,1678837853
537,delano,35.7688,-119.247,18.25,63,100,2.57,US,1678837853
538,ayagoz,47.9714,80.4392,-6.35,88,23,1.17,KZ,1678837854
539,pinega,64.7001,43.3936,1.94,100,100,5.89,RU,1678837855
540,ajdabiya,30.7554,20.2263,13.12,73,10,2.12,LY,1678837856
541,takapau,-40.0333,176.35,20.41,53,0,1.43,NZ,1678837856
542,matara,5.9485,80.5353,23.92,89,96,3.6,LK,1678837857
543,nowy tomysl,52.3195,16.1284,2.92,76,98,6.98,PL,1678837858
544,parabel,58.6978,81.4825,-11.72,90,99,2.76,RU,1678837859
545,talnakh,69.4865,88.3972,-3.77,97,100,4.46,RU,1678837860
546,bridlington,54.0831,-0.1919,1.05,71,61,3.65,GB,1678837860
547,fairbanks,64.8378,-147.7164,-11.06,53,20,5.66,US,1678837832
548,napier,-39.4833,176.9167,19.6,56,0,2.68,NZ,1678837862
549,plymouth,41.8334,-70.8328,1.71,88,100,5.14,US,1678837692
550,salym,60.0625,71.4789,-7.27,97,100,1.52,RU,1678837864
551,sao pedro,-22.5486,-47.9139,21.5,92,100,1.04,BR,1678837865
552,kargopol,61.5071,38.9456,1.46,100,100,4.85,RU,1678837866
553,yuli,9.6989,10.2744,24.34,13,1,2.7,NG,1678837867
554,gobabis,-22.45,18.9667,20.22,47,63,3.2,NA,1678837868
